<?xml version="1.0" encoding="UTF-8"?>
<project-private xmlns="http://www.netbeans.org/ns/project-private/1">
    <editor-bookmarks xmlns="http://www.netbeans.org/ns/editor-bookmarks/2" lastBookmarkId="0"/>
    <open-files xmlns="http://www.netbeans.org/ns/projectui-open-files/2">
        <group>
            <file>file:/D:/xampp/htdocs/l6/app/Http/Requests/RegisterAuthRequest.php</file>
            <file>file:/D:/xampp/htdocs/l6/app/Http/Controllers/HomeController.php</file>
            <file>file:/D:/xampp/htdocs/l6/app/Exceptions/Handler.php</file>
            <file>file:/D:/xampp/htdocs/l6/config/jwt.php</file>
            <file>file:/D:/xampp/htdocs/l6/routes/web.php</file>
            <file>file:/D:/xampp/htdocs/l6/app/Http/Controllers/DashboardController.php</file>
            <file>file:/D:/xampp/htdocs/l6/app/Dashboard.php</file>
        </group>
    </open-files>
</project-private>
